pizza_id,month,year,number_of_orders_monthly,amount_of_quantity_ordered_monthly
big_meat_s,5,2015,176,190
big_meat_s,7,2015,173,185
big_meat_s,3,2015,166,176
big_meat_s,11,2015,164,174
big_meat_s,8,2015,149,160
big_meat_s,12,2015,145,157
big_meat_s,10,2015,142,151
big_meat_s,2,2015,144,151
big_meat_s,1,2015,146,150
big_meat_s,9,2015,136,142
big_meat_s,6,2015,133,139
five_cheese_l,7,2015,134,139
big_meat_s,4,2015,137,139
five_cheese_l,1,2015,134,138
thai_ckn_l,12,2015,132,135
thai_ckn_l,7,2015,128,135
five_cheese_l,3,2015,121,125
five_cheese_l,5,2015,118,124
five_cheese_l,6,2015,117,124
thai_ckn_l,9,2015,119,123
four_cheese_l,7,2015,117,119
thai_ckn_l,1,2015,117,119
four_cheese_l,10,2015,112,118
thai_ckn_l,6,2015,112,118
four_cheese_l,3,2015,117,118
thai_ckn_l,3,2015,117,118
thai_ckn_l,5,2015,111,117
thai_ckn_l,11,2015,112,117
four_cheese_l,2,2015,111,117
thai_ckn_l,4,2015,113,116
four_cheese_l,12,2015,111,116
five_cheese_l,9,2015,111,115
four_cheese_l,5,2015,112,115
spicy_ital_l,5,2015,113,115
thai_ckn_l,10,2015,110,114
five_cheese_l,10,2015,106,113
five_cheese_l,8,2015,112,113
five_cheese_l,2,2015,112,113
classic_dlx_m,7,2015,108,112
four_cheese_l,4,2015,105,111
hawaiian_s,11,2015,109,111
classic_dlx_m,8,2015,108,109
five_cheese_l,11,2015,101,109
classic_dlx_m,11,2015,108,108
five_cheese_l,4,2015,104,107
spicy_ital_l,3,2015,106,107
spicy_ital_l,7,2015,102,106
four_cheese_l,11,2015,103,106
classic_dlx_m,5,2015,102,105
four_cheese_l,6,2015,102,104
thai_ckn_l,8,2015,101,103
four_cheese_l,1,2015,96,102
hawaiian_s,4,2015,98,101
bbq_ckn_l,3,2015,98,98
four_cheese_l,9,2015,96,98
classic_dlx_m,10,2015,95,98
mexicana_l,11,2015,97,98
spicy_ital_l,11,2015,98,98
ital_supr_m,6,2015,94,96
classic_dlx_m,9,2015,94,96
bbq_ckn_l,1,2015,93,96
classic_dlx_m,12,2015,93,96
thai_ckn_l,2,2015,93,95
classic_dlx_m,3,2015,94,95
bbq_ckn_m,4,2015,92,95
classic_dlx_m,6,2015,92,94
southw_ckn_l,7,2015,89,94
spicy_ital_l,6,2015,91,93
southw_ckn_l,4,2015,91,93
classic_dlx_m,4,2015,90,92
four_cheese_l,8,2015,91,92
southw_ckn_l,5,2015,90,92
classic_dlx_m,1,2015,90,91
ital_supr_m,1,2015,90,91
hawaiian_s,3,2015,90,91
bbq_ckn_m,5,2015,87,90
bbq_ckn_m,6,2015,87,90
pepperoni_m,5,2015,89,90
cali_ckn_m,1,2015,86,90
southw_ckn_l,3,2015,90,90
five_cheese_l,12,2015,89,89
spicy_ital_l,2,2015,89,89
spicy_ital_l,4,2015,85,89
bbq_ckn_l,11,2015,88,89
pepperoni_m,7,2015,89,89
bbq_ckn_l,5,2015,87,89
cali_ckn_l,5,2015,88,89
spicy_ital_l,8,2015,88,88
ital_supr_m,4,2015,85,88
bbq_ckn_m,11,2015,81,88
cali_ckn_l,11,2015,86,88
cali_ckn_m,6,2015,86,88
hawaiian_s,1,2015,85,87
sicilian_s,1,2015,83,86
spicy_ital_l,1,2015,82,86
southw_ckn_l,9,2015,85,86
southw_ckn_l,11,2015,84,86
cali_ckn_m,8,2015,85,86
cali_ckn_l,6,2015,82,86
cali_ckn_l,8,2015,83,86
ital_supr_m,5,2015,82,85
southw_ckn_l,10,2015,82,85
bbq_ckn_l,4,2015,82,85
classic_dlx_m,2,2015,85,85
ital_supr_m,11,2015,82,85
hawaiian_l,5,2015,82,85
southw_ckn_l,2,2015,82,84
pepperoni_m,8,2015,81,84
ital_supr_m,7,2015,83,84
hawaiian_l,12,2015,82,84
bbq_ckn_m,7,2015,83,84
hawaiian_s,9,2015,84,84
hawaiian_s,2,2015,82,84
ital_supr_m,3,2015,81,84
mexicana_l,3,2015,80,83
southw_ckn_l,8,2015,80,83
pepperoni_l,1,2015,83,83
hawaiian_s,8,2015,81,83
cali_ckn_l,3,2015,77,83
hawaiian_s,12,2015,81,82
bbq_ckn_l,7,2015,81,82
bbq_ckn_l,9,2015,81,82
bbq_ckn_l,2,2015,77,81
spicy_ital_l,12,2015,80,81
cali_ckn_m,11,2015,76,81
hawaiian_s,10,2015,78,80
mexicana_l,4,2015,78,80
bbq_ckn_l,12,2015,78,80
cali_ckn_m,3,2015,78,80
bbq_ckn_m,3,2015,79,80
pepperoni_m,2,2015,79,80
classic_dlx_s,4,2015,79,79
spicy_ital_l,10,2015,77,79
pepperoni_m,10,2015,77,79
cali_ckn_l,2,2015,75,78
cali_ckn_m,5,2015,75,78
cali_ckn_m,12,2015,76,78
pepperoni_m,3,2015,78,78
cali_ckn_m,2,2015,77,78
pepperoni_m,1,2015,75,78
hawaiian_l,3,2015,77,78
cali_ckn_l,12,2015,75,78
pepperoni_s,5,2015,78,78
spicy_ital_l,9,2015,77,78
pepperoni_m,4,2015,77,78
bbq_ckn_m,1,2015,76,78
pepperoni_s,1,2015,77,78
hawaiian_l,9,2015,77,77
hawaiian_l,11,2015,73,77
bbq_ckn_l,8,2015,74,77
bbq_ckn_m,2,2015,75,77
hawaiian_s,5,2015,76,77
mexicana_l,7,2015,74,77
cali_ckn_m,4,2015,75,76
cali_ckn_m,9,2015,73,76
southw_ckn_l,12,2015,74,76
pepperoni_m,11,2015,75,76
ital_supr_l,8,2015,71,76
mexicana_l,6,2015,73,75
hawaiian_l,6,2015,73,75
bbq_ckn_m,8,2015,75,75
hawaiian_l,4,2015,73,75
hawaiian_l,8,2015,73,75
hawaiian_l,10,2015,72,75
southw_ckn_l,1,2015,73,74
hawaiian_l,2,2015,73,74
southw_ckn_l,6,2015,73,73
cali_ckn_m,7,2015,70,73
hawaiian_s,7,2015,71,73
pepperoni_l,5,2015,71,73
hawaiian_l,7,2015,71,73
ital_supr_l,5,2015,71,73
mexicana_l,1,2015,70,73
pepperoni_m,12,2015,68,73
ital_supr_m,8,2015,72,72
mexicana_l,8,2015,70,72
cali_ckn_l,7,2015,71,72
hawaiian_l,1,2015,70,71
bbq_ckn_m,10,2015,66,71
ital_cpcllo_l,6,2015,70,71
pepperoni_m,9,2015,69,71
classic_dlx_s,11,2015,70,71
pepperoni_l,7,2015,70,71
ital_supr_m,10,2015,69,70
classic_dlx_s,9,2015,65,70
ital_supr_l,4,2015,68,70
classic_dlx_s,7,2015,69,70
bbq_ckn_m,9,2015,67,69
peppr_salami_l,4,2015,67,69
classic_dlx_s,8,2015,67,69
classic_dlx_s,3,2015,66,69
pepperoni_s,8,2015,69,69
spinach_fet_m,8,2015,69,69
classic_dlx_s,6,2015,68,69
ckn_alfredo_m,3,2015,68,68
cali_ckn_l,4,2015,64,68
bbq_ckn_l,6,2015,65,68
ital_supr_l,11,2015,68,68
four_cheese_m,5,2015,66,67
ital_cpcllo_l,7,2015,67,67
hawaiian_s,6,2015,66,67
cali_ckn_l,1,2015,67,67
peppr_salami_l,1,2015,65,67
ital_supr_l,12,2015,65,66
sicilian_s,9,2015,63,66
ital_cpcllo_l,9,2015,63,66
sicilian_s,3,2015,62,66
cali_ckn_l,9,2015,62,66
ckn_alfredo_m,1,2015,64,66
cali_ckn_l,10,2015,65,66
ital_supr_m,12,2015,63,65
classic_dlx_s,5,2015,65,65
mexicana_l,10,2015,63,65
ital_cpcllo_l,3,2015,65,65
ital_supr_l,9,2015,65,65
ital_cpcllo_l,8,2015,64,65
ital_supr_l,2,2015,65,65
bbq_ckn_l,10,2015,63,65
sicilian_s,12,2015,63,65
the_greek_xl,4,2015,63,65
pepperoni_s,9,2015,64,65
veggie_veg_m,1,2015,65,65
ckn_alfredo_m,10,2015,62,64
ital_cpcllo_l,4,2015,60,64
classic_dlx_s,1,2015,64,64
pepperoni_s,2,2015,61,64
pepperoni_s,11,2015,63,64
pepperoni_s,7,2015,64,64
ckn_alfredo_m,6,2015,64,64
pepperoni_m,6,2015,61,63
mexicana_l,5,2015,62,63
pep_msh_pep_s,8,2015,62,63
sicilian_s,6,2015,61,63
sicilian_s,8,2015,62,63
pepperoni_s,10,2015,60,63
sicilian_l,12,2015,61,62
ckn_alfredo_m,11,2015,62,62
peppr_salami_l,7,2015,60,62
mexicana_l,2,2015,61,62
pepperoni_l,9,2015,60,62
veggie_veg_m,4,2015,62,62
ital_supr_m,2,2015,60,61
pepperoni_l,2,2015,61,61
sicilian_s,10,2015,61,61
veggie_veg_m,12,2015,60,61
ital_supr_l,1,2015,61,61
veggie_veg_m,7,2015,60,61
napolitana_l,1,2015,60,61
sicilian_s,2,2015,60,61
sicilian_s,4,2015,58,61
peppr_salami_l,3,2015,58,60
cali_ckn_m,10,2015,57,60
pepperoni_l,8,2015,59,60
mexicana_l,9,2015,60,60
sicilian_l,11,2015,57,60
classic_dlx_s,12,2015,60,60
ital_cpcllo_l,12,2015,59,60
ital_supr_m,9,2015,59,60
prsc_argla_m,7,2015,59,60
peppr_salami_l,11,2015,60,60
peppr_salami_l,6,2015,58,60
prsc_argla_m,9,2015,58,59
bbq_ckn_m,12,2015,58,59
mexicana_l,12,2015,56,59
sicilian_s,11,2015,59,59
peppr_salami_l,10,2015,57,59
sicilian_m,11,2015,57,59
green_garden_s,5,2015,58,59
classic_dlx_s,10,2015,59,59
ital_cpcllo_l,11,2015,58,59
ckn_alfredo_m,5,2015,59,59
cali_ckn_s,8,2015,57,59
sicilian_m,10,2015,57,59
green_garden_s,9,2015,58,59
green_garden_s,7,2015,55,58
peppr_salami_l,5,2015,58,58
ckn_alfredo_m,9,2015,56,58
spinach_fet_m,4,2015,57,58
mexicana_m,7,2015,58,58
ital_cpcllo_l,1,2015,55,58
four_cheese_m,1,2015,57,57
pepperoni_l,10,2015,54,57
sicilian_l,1,2015,55,57
prsc_argla_m,3,2015,56,57
veggie_veg_m,8,2015,57,57
pepperoni_s,3,2015,56,57
calabrese_m,4,2015,57,57
pepperoni_l,12,2015,54,56
green_garden_s,2,2015,56,56
veggie_veg_m,3,2015,56,56
pep_msh_pep_s,7,2015,54,56
pepperoni_l,11,2015,55,56
sicilian_m,6,2015,55,56
veggie_veg_m,2,2015,54,55
pepperoni_l,6,2015,55,55
calabrese_m,10,2015,55,55
spinach_fet_s,3,2015,54,55
ckn_alfredo_m,12,2015,55,55
southw_ckn_m,7,2015,53,55
the_greek_xl,5,2015,54,54
calabrese_m,2,2015,53,54
ital_cpcllo_l,2,2015,54,54
sicilian_m,4,2015,53,54
pep_msh_pep_s,5,2015,53,54
pep_msh_pep_s,3,2015,54,54
classic_dlx_s,2,2015,54,54
ckn_alfredo_m,8,2015,54,54
pepperoni_s,12,2015,54,54
bbq_ckn_s,3,2015,52,53
ital_cpcllo_l,5,2015,51,53
ital_supr_l,6,2015,53,53
bbq_ckn_s,7,2015,53,53
napolitana_l,2,2015,53,53
ckn_alfredo_m,4,2015,53,53
peppr_salami_l,9,2015,52,53
prsc_argla_l,10,2015,50,53
sicilian_s,5,2015,52,53
pepperoni_l,3,2015,50,52
peppr_salami_l,12,2015,52,52
pep_msh_pep_s,9,2015,51,52
sicilian_l,5,2015,51,52
ital_supr_l,3,2015,51,52
sicilian_m,7,2015,51,52
ital_supr_l,10,2015,52,52
napolitana_s,6,2015,51,52
thai_ckn_m,4,2015,49,52
sicilian_l,7,2015,51,52
green_garden_s,6,2015,50,51
calabrese_m,5,2015,51,51
napolitana_l,11,2015,49,51
sicilian_l,2,2015,51,51
four_cheese_m,4,2015,51,51
prsc_argla_m,4,2015,50,51
pepperoni_s,4,2015,49,51
pep_msh_pep_s,6,2015,50,51
napolitana_l,8,2015,50,51
four_cheese_m,10,2015,49,51
cali_ckn_s,12,2015,50,51
ckn_alfredo_m,2,2015,51,51
calabrese_m,11,2015,50,51
green_garden_s,10,2015,51,51
southw_ckn_m,3,2015,51,51
sicilian_l,8,2015,48,50
napolitana_l,10,2015,50,50
pep_msh_pep_s,2,2015,49,50
the_greek_xl,7,2015,50,50
veggie_veg_m,11,2015,50,50
the_greek_xl,1,2015,50,50
spinach_fet_m,12,2015,49,50
calabrese_m,8,2015,48,50
ital_cpcllo_l,10,2015,49,50
spinach_fet_m,5,2015,50,50
prsc_argla_m,2,2015,48,49
green_garden_s,4,2015,49,49
the_greek_xl,6,2015,47,49
peppr_salami_l,2,2015,48,49
four_cheese_m,9,2015,49,49
brie_carre_s,9,2015,48,49
prsc_argla_m,8,2015,48,49
prsc_argla_m,12,2015,47,49
ckn_alfredo_m,7,2015,49,49
hawaiian_m,7,2015,48,49
prsc_argla_m,10,2015,49,49
thai_ckn_s,3,2015,47,49
soppressata_l,6,2015,47,48
spinach_fet_m,11,2015,48,48
sicilian_l,10,2015,47,48
green_garden_s,3,2015,48,48
sicilian_l,6,2015,45,48
classic_dlx_l,5,2015,48,48
sicilian_m,2,2015,43,48
hawaiian_m,3,2015,45,48
cali_ckn_s,2,2015,48,48
southw_ckn_m,11,2015,47,48
sicilian_m,1,2015,48,48
cali_ckn_s,6,2015,48,48
southw_ckn_m,8,2015,46,47
prsc_argla_m,11,2015,45,47
sicilian_m,8,2015,47,47
napolitana_l,6,2015,45,47
bbq_ckn_s,5,2015,46,47
napolitana_l,7,2015,47,47
thai_ckn_m,11,2015,46,47
spinach_supr_s,8,2015,46,47
four_cheese_m,3,2015,47,47
four_cheese_m,8,2015,46,47
hawaiian_m,6,2015,47,47
spinach_fet_l,5,2015,46,47
thai_ckn_s,8,2015,47,47
peppr_salami_l,8,2015,45,47
sicilian_l,3,2015,45,47
sicilian_s,7,2015,47,47
soppressata_l,4,2015,46,46
ital_veggie_m,12,2015,46,46
ital_veggie_m,5,2015,46,46
thai_ckn_m,3,2015,46,46
calabrese_m,6,2015,45,46
southw_ckn_m,10,2015,46,46
napolitana_s,10,2015,46,46
veggie_veg_m,6,2015,44,46
ital_supr_l,7,2015,45,46
brie_carre_s,5,2015,44,46
peppr_salami_m,6,2015,46,46
brie_carre_s,3,2015,45,46
prsc_argla_m,6,2015,45,46
southw_ckn_m,9,2015,45,46
sicilian_l,9,2015,46,46
veggie_veg_l,2,2015,44,45
green_garden_s,11,2015,45,45
classic_dlx_l,7,2015,45,45
ital_veggie_m,4,2015,45,45
napolitana_l,9,2015,44,45
veggie_veg_m,5,2015,45,45
green_garden_s,8,2015,44,45
spin_pesto_s,11,2015,45,45
the_greek_xl,11,2015,45,45
southw_ckn_m,12,2015,44,45
cali_ckn_s,1,2015,44,45
sicilian_m,5,2015,43,45
classic_dlx_l,4,2015,45,45
ital_veggie_m,2,2015,45,45
spinach_fet_m,6,2015,45,45
prsc_argla_s,1,2015,45,45
prsc_argla_m,1,2015,45,45
spinach_fet_l,1,2015,42,45
mexicana_m,11,2015,45,45
napolitana_m,6,2015,44,44
napolitana_s,5,2015,44,44
brie_carre_s,7,2015,42,44
spicy_ital_s,7,2015,44,44
four_cheese_m,12,2015,43,44
thai_ckn_s,5,2015,44,44
napolitana_m,8,2015,44,44
mexicana_m,4,2015,44,44
brie_carre_s,2,2015,44,44
thai_ckn_m,7,2015,43,44
spinach_fet_l,8,2015,43,44
pepperoni_s,6,2015,44,44
bbq_ckn_s,11,2015,42,44
napolitana_l,3,2015,43,44
spinach_fet_l,7,2015,44,44
napolitana_s,8,2015,44,44
calabrese_m,9,2015,44,44
prsc_argla_l,1,2015,43,44
napolitana_m,9,2015,44,44
four_cheese_m,6,2015,44,44
ital_veggie_m,6,2015,44,44
veggie_veg_m,9,2015,44,44
the_greek_xl,8,2015,44,44
thai_ckn_s,11,2015,44,44
hawaiian_m,8,2015,43,43
pep_msh_pep_s,10,2015,43,43
southw_ckn_m,4,2015,43,43
napolitana_l,4,2015,43,43
veggie_veg_s,3,2015,43,43
classic_dlx_l,9,2015,42,43
four_cheese_m,11,2015,43,43
brie_carre_s,8,2015,43,43
spinach_fet_m,7,2015,43,43
hawaiian_m,12,2015,43,43
four_cheese_m,2,2015,42,43
spicy_ital_m,7,2015,40,43
mexicana_m,1,2015,43,43
hawaiian_m,4,2015,42,43
spinach_supr_s,1,2015,43,43
four_cheese_m,7,2015,40,43
veggie_veg_s,4,2015,43,43
spicy_ital_m,10,2015,41,42
pep_msh_pep_m,8,2015,41,42
prsc_argla_s,8,2015,42,42
veggie_veg_s,12,2015,41,42
cali_ckn_s,7,2015,42,42
sicilian_m,3,2015,42,42
the_greek_xl,10,2015,40,42
veggie_veg_l,12,2015,42,42
brie_carre_s,11,2015,42,42
ital_cpcllo_m,2,2015,42,42
thai_ckn_s,7,2015,42,42
thai_ckn_s,2,2015,41,42
thai_ckn_m,1,2015,42,42
napolitana_s,4,2015,41,42
ckn_pesto_l,4,2015,41,42
pepperoni_l,4,2015,40,42
ital_cpcllo_m,4,2015,42,42
thai_ckn_m,6,2015,40,41
spinach_fet_m,3,2015,40,41
veggie_veg_l,7,2015,41,41
ckn_pesto_l,9,2015,40,41
calabrese_m,7,2015,40,41
southw_ckn_m,6,2015,40,41
classic_dlx_l,12,2015,41,41
thai_ckn_m,9,2015,41,41
ital_veggie_m,1,2015,41,41
prsc_argla_s,2,2015,40,41
bbq_ckn_s,9,2015,41,41
mexicana_m,12,2015,41,41
veggie_veg_s,7,2015,38,41
pep_msh_pep_l,6,2015,41,41
veggie_veg_s,2,2015,41,41
the_greek_xl,3,2015,41,41
peppr_salami_m,10,2015,41,41
spinach_fet_l,3,2015,40,41
spinach_fet_m,1,2015,41,41
pep_msh_pep_s,4,2015,40,40
hawaiian_m,2,2015,39,40
spinach_fet_m,9,2015,40,40
classic_dlx_l,3,2015,40,40
ital_veggie_m,10,2015,40,40
spicy_ital_s,12,2015,40,40
spinach_fet_s,5,2015,39,40
spinach_fet_s,7,2015,40,40
brie_carre_s,6,2015,40,40
pep_msh_pep_s,1,2015,39,40
spinach_fet_m,2,2015,39,40
veggie_veg_s,1,2015,40,40
spicy_ital_s,5,2015,38,40
pep_msh_pep_s,12,2015,40,40
green_garden_s,1,2015,40,40
sicilian_l,4,2015,39,40
spinach_fet_s,1,2015,40,40
southw_ckn_s,8,2015,40,40
cali_ckn_s,11,2015,40,40
pep_msh_pep_m,4,2015,39,39
spicy_ital_s,11,2015,39,39
southw_ckn_m,2,2015,39,39
prsc_argla_l,11,2015,37,39
peppr_salami_m,4,2015,38,39
prsc_argla_s,5,2015,39,39
napolitana_s,7,2015,39,39
spicy_ital_m,6,2015,39,39
thai_ckn_s,9,2015,39,39
veggie_veg_s,6,2015,39,39
ital_veggie_m,3,2015,39,39
classic_dlx_l,11,2015,39,39
veggie_veg_l,3,2015,39,39
thai_ckn_m,10,2015,39,39
spinach_fet_s,2,2015,39,39
prsc_argla_l,7,2015,38,39
spinach_fet_s,9,2015,39,39
classic_dlx_l,10,2015,39,39
napolitana_m,1,2015,39,39
veggie_veg_s,11,2015,39,39
prsc_argla_l,3,2015,39,39
pep_msh_pep_m,7,2015,39,39
ckn_pesto_l,2,2015,39,39
hawaiian_m,11,2015,37,39
green_garden_s,12,2015,39,39
ital_cpcllo_m,5,2015,37,38
the_greek_xl,12,2015,36,38
calabrese_m,1,2015,38,38
pep_msh_pep_l,9,2015,36,38
ital_veggie_m,7,2015,37,38
peppr_salami_m,3,2015,36,38
the_greek_xl,2,2015,38,38
prsc_argla_l,5,2015,38,38
veggie_veg_l,6,2015,36,38
thai_ckn_s,10,2015,37,38
veggie_veg_l,1,2015,38,38
ital_veggie_m,9,2015,36,38
thai_ckn_s,1,2015,38,38
peppr_salami_m,7,2015,38,38
napolitana_s,3,2015,38,38
prsc_argla_s,11,2015,37,38
soppressata_l,7,2015,37,38
calabrese_m,3,2015,37,38
ckn_pesto_l,1,2015,37,38
peppr_salami_m,1,2015,37,38
peppr_salami_s,12,2015,38,38
soppressata_l,5,2015,37,38
mexicana_m,8,2015,38,38
napolitana_m,7,2015,37,37
spinach_fet_s,4,2015,37,37
calabrese_m,12,2015,36,37
spinach_fet_m,10,2015,37,37
spinach_fet_l,11,2015,37,37
veggie_veg_s,8,2015,36,37
prsc_argla_l,6,2015,37,37
ital_cpcllo_m,1,2015,36,37
bbq_ckn_s,12,2015,37,37
mediterraneo_l,7,2015,37,37
mexicana_m,6,2015,36,37
bbq_ckn_s,1,2015,37,37
prsc_argla_m,5,2015,35,37
ital_cpcllo_m,12,2015,35,37
napolitana_l,12,2015,36,37
southw_ckn_m,5,2015,37,37
napolitana_s,12,2015,36,37
spicy_ital_m,3,2015,37,37
spinach_fet_l,12,2015,37,37
napolitana_l,5,2015,37,37
spin_pesto_s,8,2015,35,36
bbq_ckn_s,6,2015,36,36
spinach_supr_s,11,2015,35,36
thai_ckn_s,12,2015,36,36
napolitana_s,1,2015,36,36
spinach_supr_s,6,2015,35,36
cali_ckn_s,10,2015,35,36
hawaiian_m,5,2015,35,36
spin_pesto_s,6,2015,36,36
mediterraneo_l,3,2015,35,36
spinach_fet_s,6,2015,36,36
peppr_salami_m,8,2015,36,36
the_greek_xl,9,2015,36,36
pep_msh_pep_l,5,2015,35,36
spinach_fet_l,6,2015,36,36
southw_ckn_m,1,2015,35,36
veggie_veg_s,5,2015,36,36
mexicana_m,3,2015,36,36
bbq_ckn_s,8,2015,34,35
spin_pesto_s,7,2015,34,35
prsc_argla_s,12,2015,35,35
pep_msh_pep_m,2,2015,32,35
brie_carre_s,1,2015,34,35
napolitana_m,5,2015,34,35
mediterraneo_l,8,2015,33,35
pep_msh_pep_m,6,2015,35,35
spicy_ital_m,1,2015,34,35
cali_ckn_s,9,2015,35,35
peppr_salami_s,11,2015,34,35
brie_carre_s,12,2015,34,35
veggie_veg_l,10,2015,35,35
pep_msh_pep_s,11,2015,35,35
spin_pesto_s,5,2015,33,35
southw_ckn_s,4,2015,35,35
napolitana_m,11,2015,35,35
hawaiian_m,9,2015,34,35
bbq_ckn_s,2,2015,35,35
classic_dlx_l,1,2015,35,35
peppr_salami_m,5,2015,35,35
bbq_ckn_s,4,2015,34,34
thai_ckn_m,5,2015,34,34
prsc_argla_s,10,2015,34,34
napolitana_m,4,2015,34,34
classic_dlx_l,6,2015,33,34
ital_cpcllo_m,7,2015,33,34
spin_pesto_s,3,2015,33,34
veggie_veg_s,9,2015,33,34
spin_pesto_m,9,2015,34,34
spin_pesto_l,6,2015,33,34
napolitana_s,2,2015,34,34
brie_carre_s,10,2015,33,34
ital_veggie_m,8,2015,34,34
ckn_pesto_l,8,2015,34,34
southw_ckn_s,3,2015,34,34
spinach_supr_l,4,2015,33,34
spicy_ital_s,8,2015,33,34
napolitana_m,10,2015,34,34
classic_dlx_l,2,2015,34,34
pep_msh_pep_l,10,2015,34,34
spinach_supr_s,9,2015,33,34
spinach_fet_s,11,2015,34,34
southw_ckn_s,11,2015,34,34
spin_pesto_s,12,2015,32,33
mediterraneo_l,11,2015,32,33
spicy_ital_s,6,2015,31,33
prsc_argla_s,7,2015,33,33
mediterraneo_l,9,2015,33,33
mexicana_m,10,2015,33,33
peppr_salami_m,11,2015,33,33
spinach_supr_s,2,2015,32,33
ital_veggie_s,1,2015,33,33
spin_pesto_s,9,2015,33,33
spicy_ital_m,8,2015,33,33
spin_pesto_s,4,2015,33,33
mediterraneo_m,5,2015,33,33
hawaiian_m,10,2015,33,33
green_garden_m,7,2015,33,33
spicy_ital_m,5,2015,33,33
spin_pesto_l,5,2015,33,33
veggie_veg_l,11,2015,33,33
prsc_argla_l,2,2015,32,33
ckn_pesto_l,5,2015,33,33
veggie_veg_m,10,2015,33,33
thai_ckn_m,12,2015,33,33
ckn_pesto_l,10,2015,31,33
cali_ckn_s,5,2015,32,32
mediterraneo_l,5,2015,31,32
ital_veggie_s,3,2015,31,32
southw_ckn_s,2,2015,32,32
soppressata_l,3,2015,32,32
the_greek_m,4,2015,32,32
spicy_ital_m,12,2015,31,32
pep_msh_pep_l,1,2015,32,32
soppressata_l,1,2015,32,32
brie_carre_s,4,2015,31,32
spicy_ital_s,4,2015,31,32
sicilian_m,12,2015,32,32
ital_cpcllo_m,8,2015,32,32
peppr_salami_s,2,2015,32,32
ital_cpcllo_s,7,2015,32,32
the_greek_s,11,2015,32,32
spinach_supr_s,5,2015,32,32
sicilian_m,9,2015,32,32
thai_ckn_m,8,2015,31,32
bbq_ckn_s,10,2015,32,32
spicy_ital_s,1,2015,31,32
cali_ckn_s,4,2015,31,32
thai_ckn_s,4,2015,32,32
spinach_fet_l,9,2015,31,32
pep_msh_pep_m,9,2015,31,31
spinach_supr_s,7,2015,31,31
spicy_ital_m,4,2015,31,31
pep_msh_pep_l,3,2015,31,31
soppressata_s,10,2015,31,31
ckn_pesto_m,11,2015,31,31
veggie_veg_l,9,2015,31,31
prsc_argla_s,4,2015,30,31
cali_ckn_s,3,2015,31,31
southw_ckn_s,9,2015,31,31
mediterraneo_s,12,2015,31,31
pep_msh_pep_m,12,2015,31,31
prsc_argla_s,3,2015,31,31
peppr_salami_m,12,2015,31,31
ital_cpcllo_s,1,2015,31,31
spin_pesto_l,3,2015,30,31
pep_msh_pep_l,4,2015,31,31
the_greek_m,1,2015,30,31
calabrese_l,7,2015,31,31
soppressata_l,11,2015,31,31
pep_msh_pep_m,3,2015,30,31
thai_ckn_m,2,2015,30,30
ckn_pesto_s,3,2015,30,30
mexicana_m,2,2015,28,30
the_greek_s,5,2015,30,30
soppressata_l,8,2015,30,30
pep_msh_pep_m,5,2015,30,30
mediterraneo_l,12,2015,30,30
mediterraneo_l,1,2015,29,30
calabrese_l,6,2015,30,30
spicy_ital_s,10,2015,30,30
pep_msh_pep_l,12,2015,30,30
classic_dlx_l,8,2015,30,30
spicy_ital_s,3,2015,29,30
prsc_argla_l,8,2015,28,30
mediterraneo_s,4,2015,30,30
pep_msh_pep_m,1,2015,30,30
spin_pesto_s,2,2015,29,30
ital_cpcllo_m,6,2015,30,30
napolitana_s,9,2015,30,30
ckn_pesto_m,7,2015,30,30
ital_veggie_m,11,2015,30,30
southw_ckn_s,6,2015,30,30
mediterraneo_l,2,2015,30,30
calabrese_l,11,2015,30,30
soppressata_l,10,2015,29,30
spinach_supr_l,7,2015,29,30
thai_ckn_s,6,2015,29,29
green_garden_m,1,2015,28,29
spicy_ital_m,11,2015,29,29
spinach_fet_l,2,2015,29,29
soppressata_m,10,2015,29,29
the_greek_s,1,2015,29,29
ital_cpcllo_m,11,2015,29,29
veggie_veg_s,10,2015,28,29
ckn_pesto_l,11,2015,29,29
ital_veggie_s,2,2015,29,29
napolitana_s,11,2015,29,29
soppressata_l,2,2015,29,29
veggie_veg_l,4,2015,29,29
napolitana_m,12,2015,29,29
soppressata_s,12,2015,29,29
ckn_alfredo_l,3,2015,29,29
spinach_supr_s,3,2015,29,29
ital_cpcllo_m,10,2015,29,29
green_garden_m,3,2015,28,29
pep_msh_pep_l,7,2015,29,29
mediterraneo_m,11,2015,28,29
prsc_argla_l,12,2015,28,29
soppressata_s,1,2015,29,29
spin_pesto_s,1,2015,29,29
ital_cpcllo_m,3,2015,29,29
southw_ckn_s,7,2015,29,29
spinach_fet_s,12,2015,29,29
spicy_ital_m,2,2015,26,28
ckn_pesto_s,12,2015,28,28
pep_msh_pep_l,8,2015,28,28
ckn_pesto_s,8,2015,27,28
spinach_fet_l,10,2015,28,28
veggie_veg_l,8,2015,27,28
the_greek_l,7,2015,28,28
prsc_argla_s,6,2015,28,28
spinach_supr_m,5,2015,28,28
pep_msh_pep_m,10,2015,27,28
veggie_veg_l,5,2015,28,28
ckn_pesto_l,12,2015,28,28
ckn_pesto_l,7,2015,28,28
the_greek_m,11,2015,28,28
spinach_supr_l,10,2015,28,28
spin_pesto_m,11,2015,28,28
southw_ckn_s,10,2015,28,28
mexicana_m,5,2015,28,28
green_garden_m,10,2015,28,28
spinach_supr_s,12,2015,28,28
ckn_pesto_l,6,2015,26,28
green_garden_m,8,2015,28,28
southw_ckn_s,1,2015,27,28
ital_veggie_s,4,2015,26,28
peppr_salami_s,10,2015,27,27
hawaiian_m,1,2015,27,27
ital_cpcllo_s,10,2015,27,27
spin_pesto_m,3,2015,27,27
ital_cpcllo_s,5,2015,27,27
the_greek_l,6,2015,27,27
prsc_argla_l,9,2015,26,27
prsc_argla_l,4,2015,27,27
spinach_fet_s,8,2015,27,27
mediterraneo_l,6,2015,27,27
ckn_pesto_s,4,2015,27,27
the_greek_s,4,2015,26,27
soppressata_l,9,2015,27,27
prsc_argla_s,9,2015,26,27
the_greek_m,12,2015,26,27
spin_pesto_l,1,2015,26,27
pep_msh_pep_l,11,2015,27,27
ckn_pesto_m,5,2015,26,27
spin_pesto_l,7,2015,25,27
mediterraneo_s,5,2015,27,27
peppr_salami_m,2,2015,27,27
ckn_pesto_s,7,2015,27,27
the_greek_s,12,2015,27,27
ckn_pesto_m,6,2015,26,27
pep_msh_pep_l,2,2015,27,27
spinach_supr_l,6,2015,27,27
spicy_ital_s,2,2015,27,27
spin_pesto_m,12,2015,27,27
soppressata_s,4,2015,27,27
green_garden_m,4,2015,26,26
peppr_salami_s,8,2015,26,26
mediterraneo_s,8,2015,26,26
ckn_pesto_l,3,2015,26,26
ckn_pesto_s,1,2015,26,26
southw_ckn_s,5,2015,26,26
spin_pesto_m,5,2015,26,26
spinach_supr_s,4,2015,25,26
spinach_supr_m,12,2015,26,26
spicy_ital_s,9,2015,26,26
ital_cpcllo_s,6,2015,26,26
peppr_salami_s,1,2015,26,26
spinach_supr_m,2,2015,25,26
mediterraneo_m,7,2015,26,26
ital_veggie_s,10,2015,26,26
napolitana_m,3,2015,26,26
ital_veggie_s,11,2015,26,26
pep_msh_pep_m,11,2015,26,26
ital_veggie_l,1,2015,26,26
spin_pesto_m,8,2015,26,26
green_garden_m,6,2015,26,26
mediterraneo_m,10,2015,26,26
soppressata_m,5,2015,26,26
napolitana_m,2,2015,26,26
peppr_salami_m,9,2015,26,26
ckn_pesto_m,12,2015,26,26
spicy_ital_m,9,2015,26,26
spinach_supr_l,5,2015,24,25
ital_cpcllo_m,9,2015,25,25
ital_cpcllo_s,12,2015,24,25
the_greek_s,8,2015,24,25
spinach_supr_m,4,2015,25,25
the_greek_m,3,2015,25,25
ital_cpcllo_s,2,2015,25,25
peppr_salami_s,3,2015,25,25
spinach_fet_l,4,2015,24,25
soppressata_m,2,2015,25,25
spinach_supr_s,10,2015,25,25
mediterraneo_s,11,2015,25,25
soppressata_m,7,2015,25,25
ital_veggie_s,12,2015,25,25
mediterraneo_m,4,2015,24,25
the_greek_l,9,2015,25,25
ckn_pesto_m,3,2015,25,25
mediterraneo_s,3,2015,25,25
the_greek_l,11,2015,25,25
soppressata_m,8,2015,25,25
spin_pesto_s,10,2015,25,25
calabrese_l,12,2015,25,25
ital_veggie_s,5,2015,25,25
mediterraneo_s,6,2015,25,25
ckn_alfredo_l,11,2015,24,24
mediterraneo_m,12,2015,24,24
the_greek_s,7,2015,24,24
soppressata_m,3,2015,24,24
ital_veggie_s,8,2015,24,24
green_garden_m,9,2015,24,24
the_greek_s,3,2015,24,24
peppr_salami_s,7,2015,24,24
ckn_pesto_s,6,2015,24,24
spin_pesto_l,8,2015,24,24
ital_cpcllo_s,3,2015,23,24
spinach_supr_m,11,2015,24,24
mediterraneo_l,4,2015,24,24
soppressata_l,12,2015,24,24
mediterraneo_s,7,2015,24,24
soppressata_s,8,2015,24,24
calabrese_l,2,2015,24,24
ckn_pesto_s,2,2015,23,24
mediterraneo_m,6,2015,23,23
green_garden_m,5,2015,23,23
soppressata_s,5,2015,23,23
peppr_salami_s,9,2015,23,23
the_greek_s,9,2015,22,23
calabrese_l,1,2015,22,23
spinach_supr_l,3,2015,23,23
the_greek_l,2,2015,23,23
ital_cpcllo_s,11,2015,23,23
ital_cpcllo_s,4,2015,23,23
spin_pesto_m,2,2015,22,23
the_greek_s,2,2015,22,23
spinach_fet_s,10,2015,23,23
mediterraneo_l,10,2015,23,23
peppr_salami_s,4,2015,22,23
mexicana_m,9,2015,22,22
green_garden_m,2,2015,22,22
soppressata_m,11,2015,22,22
soppressata_s,2,2015,22,22
spinach_supr_m,7,2015,22,22
spin_pesto_l,2,2015,22,22
the_greek_s,10,2015,22,22
the_greek_l,4,2015,22,22
soppressata_s,7,2015,22,22
spinach_supr_l,1,2015,22,22
ital_supr_s,6,2015,22,22
ckn_pesto_s,11,2015,22,22
the_greek_m,10,2015,22,22
spinach_supr_l,2,2015,22,22
spinach_supr_m,1,2015,22,22
mediterraneo_s,9,2015,22,22
spin_pesto_l,11,2015,22,22
peppr_salami_s,5,2015,21,22
soppressata_s,3,2015,22,22
ckn_pesto_s,9,2015,22,22
ital_veggie_s,9,2015,22,22
spin_pesto_l,9,2015,21,21
the_greek_l,8,2015,21,21
mediterraneo_s,2,2015,20,21
mediterraneo_m,1,2015,20,21
ckn_pesto_m,9,2015,21,21
spin_pesto_m,1,2015,21,21
calabrese_l,8,2015,21,21
the_greek_m,5,2015,21,21
spinach_supr_m,6,2015,21,21
mediterraneo_m,9,2015,20,21
ckn_pesto_s,10,2015,21,21
soppressata_m,4,2015,21,21
peppr_salami_s,6,2015,20,21
calabrese_l,3,2015,19,20
southw_ckn_s,12,2015,20,20
soppressata_s,6,2015,20,20
soppressata_s,9,2015,20,20
the_greek_m,8,2015,20,20
calabrese_l,10,2015,20,20
calabrese_l,5,2015,20,20
spinach_supr_l,8,2015,20,20
ital_cpcllo_s,8,2015,20,20
the_greek_m,9,2015,20,20
ckn_pesto_m,4,2015,20,20
mexicana_s,9,2015,20,20
spin_pesto_m,6,2015,20,20
ital_veggie_l,8,2015,20,20
spin_pesto_m,10,2015,20,20
spinach_supr_l,12,2015,19,19
ital_supr_s,11,2015,19,19
ckn_pesto_m,2,2015,19,19
spinach_supr_l,9,2015,19,19
spinach_supr_m,10,2015,19,19
ckn_pesto_s,5,2015,18,19
ckn_pesto_m,8,2015,19,19
the_greek_m,6,2015,19,19
ital_cpcllo_s,9,2015,19,19
ital_supr_s,8,2015,19,19
soppressata_s,11,2015,19,19
spinach_supr_m,3,2015,19,19
ital_veggie_s,7,2015,18,18
ckn_pesto_m,10,2015,18,18
soppressata_m,1,2015,18,18
ital_supr_s,5,2015,17,18
green_garden_m,12,2015,18,18
the_greek_l,10,2015,18,18
soppressata_m,9,2015,18,18
spinach_supr_m,9,2015,18,18
the_greek_m,7,2015,18,18
the_greek_m,2,2015,18,18
the_greek_s,6,2015,18,18
soppressata_m,12,2015,18,18
the_greek_l,1,2015,17,17
calabrese_l,4,2015,17,17
the_greek_l,3,2015,17,17
mediterraneo_m,3,2015,17,17
ital_veggie_s,6,2015,17,17
spinach_supr_m,8,2015,17,17
soppressata_m,6,2015,17,17
ital_supr_s,10,2015,17,17
ckn_alfredo_l,9,2015,17,17
mediterraneo_s,1,2015,17,17
the_greek_l,12,2015,17,17
ital_veggie_l,5,2015,16,16
ital_supr_s,3,2015,16,16
mediterraneo_s,10,2015,16,16
ital_veggie_l,7,2015,16,16
green_garden_m,11,2015,16,16
mexicana_s,1,2015,16,16
spin_pesto_m,7,2015,16,16
ital_veggie_l,11,2015,16,16
ital_supr_s,7,2015,16,16
ital_veggie_l,3,2015,16,16
ital_veggie_l,10,2015,16,16
ckn_alfredo_l,8,2015,16,16
mediterraneo_m,8,2015,16,16
ital_supr_s,2,2015,16,16
ckn_alfredo_l,5,2015,15,15
mexicana_s,12,2015,15,15
calabrese_l,9,2015,15,15
mexicana_s,10,2015,14,15
mexicana_s,2,2015,15,15
ital_supr_s,1,2015,15,15
spin_pesto_l,12,2015,15,15
ckn_alfredo_l,2,2015,15,15
the_greek_l,5,2015,15,15
spin_pesto_l,10,2015,15,15
mediterraneo_m,2,2015,14,14
ital_veggie_l,12,2015,14,14
spinach_supr_l,11,2015,14,14
spin_pesto_m,4,2015,14,14
ital_veggie_l,4,2015,14,14
calabrese_s,6,2015,14,14
mexicana_s,8,2015,14,14
mexicana_s,11,2015,14,14
ital_supr_s,4,2015,14,14
mexicana_s,5,2015,13,13
spin_pesto_l,4,2015,13,13
calabrese_s,5,2015,13,13
mexicana_s,7,2015,13,13
ital_veggie_l,2,2015,13,13
calabrese_s,11,2015,13,13
ckn_alfredo_l,4,2015,13,13
ckn_alfredo_s,8,2015,13,13
ckn_pesto_m,1,2015,13,13
ckn_alfredo_l,6,2015,12,12
ckn_alfredo_l,1,2015,11,12
ital_supr_s,12,2015,12,12
ital_veggie_l,9,2015,12,12
ckn_alfredo_s,7,2015,12,12
ckn_alfredo_l,7,2015,12,12
ital_supr_s,9,2015,11,12
ckn_alfredo_l,12,2015,12,12
ital_veggie_l,6,2015,11,11
green_garden_l,3,2015,11,11
calabrese_s,7,2015,11,11
ckn_alfredo_l,10,2015,11,11
mexicana_s,3,2015,10,11
ckn_alfredo_s,5,2015,11,11
green_garden_l,2,2015,10,10
mexicana_s,6,2015,10,10
green_garden_l,7,2015,10,10
green_garden_l,6,2015,10,10
green_garden_l,5,2015,9,9
calabrese_s,4,2015,9,9
ckn_alfredo_s,1,2015,8,8
ckn_alfredo_s,12,2015,8,8
green_garden_l,12,2015,7,8
green_garden_l,9,2015,8,8
ckn_alfredo_s,2,2015,8,8
green_garden_l,8,2015,8,8
ckn_alfredo_s,4,2015,8,8
calabrese_s,2,2015,8,8
ckn_alfredo_s,11,2015,7,7
ckn_alfredo_s,6,2015,7,7
calabrese_s,9,2015,7,7
calabrese_s,3,2015,7,7
green_garden_l,4,2015,7,7
mexicana_s,4,2015,6,6
calabrese_s,1,2015,6,6
green_garden_l,10,2015,6,6
calabrese_s,10,2015,6,6
ckn_alfredo_s,9,2015,6,6
green_garden_l,1,2015,6,6
ckn_alfredo_s,10,2015,5,5
the_greek_xxl,4,2015,4,4
the_greek_xxl,11,2015,3,3
calabrese_s,12,2015,3,3
the_greek_xxl,3,2015,3,3
the_greek_xxl,2,2015,3,3
the_greek_xxl,5,2015,3,3
the_greek_xxl,9,2015,3,3
ckn_alfredo_s,3,2015,3,3
the_greek_xxl,10,2015,2,2
green_garden_l,11,2015,2,2
the_greek_xxl,1,2015,2,2
the_greek_xxl,8,2015,2,2
the_greek_xxl,6,2015,2,2
calabrese_s,8,2015,2,2
the_greek_xxl,12,2015,1,1
